{
  "male": {
    "tpr": 0.42,
    "tnr": 0.9212598425196851,
    "fpr": 0.07874015748031496,
    "fnr": 0.58,
    "P(Y = 1)": 0.1751412429378531
  },
  "female": {
    "tpr": 0.45454545454545453,
    "tnr": 0.9411764705882353,
    "fpr": 0.058823529411764705,
    "fnr": 0.5454545454545454,
    "P(Y = 1)": 0.1780821917808219
  }
}