{
  "male": {
    "tpr": 0.2,
    "tnr": 0.9606299212598425,
    "fpr": 0.03937007874015748,
    "fnr": 0.8,
    "P(Y = 1)": 0.0847457627118644
  },
  "female": {
    "tpr": 0.18181818181818182,
    "tnr": 0.9607843137254902,
    "fpr": 0.0392156862745098,
    "fnr": 0.8181818181818182,
    "P(Y = 1)": 0.0821917808219178
  }
}