{
  "male": {
    "tpr": 0.04,
    "tnr": 0.9763779527559056,
    "fpr": 0.023622047244094488,
    "fnr": 0.96,
    "P(Y = 1)": 0.02824858757062147
  },
  "female": {
    "tpr": 0.045454545454545456,
    "tnr": 1.0,
    "fpr": 0.0,
    "fnr": 0.9545454545454546,
    "P(Y = 1)": 0.0136986301369863
  }
}