{
  "male": {
    "tpr": 0.3,
    "tnr": 0.9448818897637795,
    "fpr": 0.05511811023622047,
    "fnr": 0.7,
    "P(Y = 1)": 0.12429378531073447
  },
  "female": {
    "tpr": 0.3181818181818182,
    "tnr": 0.9411764705882353,
    "fpr": 0.058823529411764705,
    "fnr": 0.6818181818181818,
    "P(Y = 1)": 0.136986301369863
  }
}