{
  "male": {
    "tpr": 0.12,
    "tnr": 0.968503937007874,
    "fpr": 0.031496062992125984,
    "fnr": 0.88,
    "P(Y = 1)": 0.05649717514124294
  },
  "female": {
    "tpr": 0.045454545454545456,
    "tnr": 1.0,
    "fpr": 0.0,
    "fnr": 0.9545454545454546,
    "P(Y = 1)": 0.0136986301369863
  }
}