{
  "student": {
    "tpr": 0.6470588235294118,
    "tnr": 0.8235294117647058,
    "fpr": 0.17647058823529413,
    "fnr": 0.35294117647058826,
    "P(Y = 1)": 0.3333333333333333
  },
  "young": {
    "tpr": 0.4,
    "tnr": 0.8405797101449275,
    "fpr": 0.15942028985507245,
    "fnr": 0.6,
    "P(Y = 1)": 0.22340425531914893
  },
  "adult": {
    "tpr": 0.4,
    "tnr": 0.9552238805970149,
    "fpr": 0.04477611940298507,
    "fnr": 0.6,
    "P(Y = 1)": 0.14130434782608695
  },
  "senior": {
    "tpr": 0.2,
    "tnr": 0.875,
    "fpr": 0.125,
    "fnr": 0.8,
    "P(Y = 1)": 0.15384615384615385
  }
}