{
  "male": {
    "tpr": 0.44,
    "tnr": 0.9133858267716536,
    "fpr": 0.08661417322834646,
    "fnr": 0.56,
    "P(Y = 1)": 0.1864406779661017
  },
  "female": {
    "tpr": 0.45454545454545453,
    "tnr": 0.9019607843137255,
    "fpr": 0.09803921568627451,
    "fnr": 0.5454545454545454,
    "P(Y = 1)": 0.2054794520547945
  }
}