{
  "male": {
    "tpr": 0.4,
    "tnr": 0.905511811023622,
    "fpr": 0.09448818897637795,
    "fnr": 0.6,
    "P(Y = 1)": 0.1807909604519774
  },
  "female": {
    "tpr": 0.45454545454545453,
    "tnr": 0.9215686274509803,
    "fpr": 0.0784313725490196,
    "fnr": 0.5454545454545454,
    "P(Y = 1)": 0.1917808219178082
  }
}