{
  "male": {
    "tpr": 0.42,
    "tnr": 0.8976377952755905,
    "fpr": 0.10236220472440945,
    "fnr": 0.58,
    "P(Y = 1)": 0.192090395480226
  },
  "female": {
    "tpr": 0.5,
    "tnr": 0.8431372549019608,
    "fpr": 0.1568627450980392,
    "fnr": 0.5,
    "P(Y = 1)": 0.2602739726027397
  }
}

