{
  "male": {
    "tpr": 0.28,
    "tnr": 0.9133858267716536,
    "fpr": 0.08661417322834646,
    "fnr": 0.72,
    "P(Y = 1)": 0.14124293785310735
  },
  "female": {
    "tpr": 0.5909090909090909,
    "tnr": 0.7843137254901961,
    "fpr": 0.21568627450980393,
    "fnr": 0.4090909090909091,
    "P(Y = 1)": 0.3287671232876712
  }
}